species,selected_month,month_name,n_years,temperature,humidity,prcp
Black Drongo,8,August,9,0.3038625885529317,0.5351332242753882,-0.2164714098546705
Black-winged Stilt,5,May,9,-0.12311664552267343,-0.5399717100227219,-0.411012608116421
Long-tailed Tit,12,December,9,-0.20584987896515283,0.48828299491139354,-0.07898567481284231
Yellow-browed Warbler,10,October,9,-0.4335184105634579,0.6389446020808723,0.2563287362454282
