environment_factor,environmental_factor,number_of_correlations,mean_r,median_r,std_r,mean_absolute_r,median_absolute_r,std_absolute_r,minimum_r,maximum_r
humidity,Humidity,404,-0.07234444104464591,-0.20671175909534095,0.5234801764977481,0.4817733908663076,0.46528616057465444,0.2158625851457144,-0.9619477977096774,0.958252194723277
prcp,Precipitation,404,-0.013841316893823712,-0.15737427869895937,0.525261460648369,0.476430256096091,0.4724143595681023,0.2203239215126453,-0.9356068191139967,0.9618904467869134
temperature,Temperature,404,-0.07711428959184262,-0.17209390196676178,0.4836912202260015,0.4369259059268282,0.4329203703383502,0.22031933861681294,-0.9649643153499831,0.9009999283509966
