Environmental Factor,Mean Absolute Standardized Beta,Median Absolute Standardized Beta,Standard Deviation
Temperature,0.4338171328684491,0.35841701939899356,0.370104814468861
Humidity,0.608587872679605,0.5461581607460011,0.46733240493579326
Precipitation,0.5053395483883274,0.44991463179089286,0.34099091552512273
