lag_years,number_of_species_factor_combinations,percentage
0,349,36.58280922431866
1,274,28.721174004192875
2,331,34.696016771488466
